{
    "name": "Hunter's Diet",
    "description": "You can only eat meat, rotten flesh and spider eyes, and you don't get their negative effects either.",
    "type": "origins:prevent_item_use",
    "item_condition": {
        "type": "origins:and",
        "conditions": [
            {
                "type": "origins:food"
            },
            {
                "type": "origins:ingredient",
                "ingredient": {
                    "tag": "salticidae:hunter"
                },
                "inverted": true
            }
        ]
    }
}