{
    "name": "Silk Cocoon",
    "description": "You synthesize silk over time. You can use it to fire web balls that trap enemies in cobwebs.",
    "badges": [
        {
            "sprite": "origins:textures/gui/badge/active.png",
            "text": "%s with an empty hand to throw web balls."
        }
    ],
    "type": "origins:multiple",
    "hit": {
        "type": "origins:action_on_hit",
        "damage_condition": {
            "type": "origins:projectile",
            "projectile": "snowball"
        },
        "bientity_action": {
            "type": "origins:target_action",
            "action": {
                "type": "origins:block_action_at",
                "block_action": {
                    "type": "origins:set_block",
                    "block": "origins:temporary_cobweb"
                }
            }
        }
    },
    "res": {
        "type": "origins:resource",
        "min": 0,
        "max": 3,
        "hud_render": {
            "should_render": true,
            "bar_index": 12,
            "sprite_location": "origins:textures/gui/community/huang/resource_bar_01.png"
        }
    },
    "add": {
        "type": "origins:action_over_time",
        "interval": 120,
        "entity_action": {
            "type": "origins:change_resource",
            "resource": "*:*_res",
            "change": 1
        }
    },
    "spit": {
        "type": "origins:fire_projectile",
        "entity_type": "snowball",
        "tag": "{Item:{id:'cobweb',Count:1b}}",
        "cooldown": 0,
        "hud_render": {
            "should_render": false
        },
        "key": {
            "key": "key.attack"
        },
        "condition": {
            "type": "origins:and",
            "conditions": [
                {
                    "type": "origins:equipped_item",
                    "equipment_slot": "mainhand",
                    "item_condition": {
                        "type": "origins:empty"
                    }
                },
                {
                    "type": "origins:resource",
                    "resource": "*:*_res",
                    "compare_to": 0,
                    "comparison": ">"
                }
            ]
        }
    },
    "spitconsume": {
        "type": "apoli:active_self",
        "key": {
            "key": "key.attack"
        },
        "condition": {
            "type": "origins:and",
            "conditions": [
                {
                    "type": "origins:equipped_item",
                    "equipment_slot": "mainhand",
                    "item_condition": {
                        "type": "origins:empty"
                    }
                },
                {
                    "type": "origins:resource",
                    "resource": "*:*_res",
                    "compare_to": 0,
                    "comparison": ">"
                }
            ]
        },
        "entity_action": {
            "type": "origins:delay",
            "ticks": 1,
            "action": {
                "type": "origins:change_resource",
                "resource": "*:*_res",
                "change": -1
            }
        }
    }
}