{
    "name": "Web Charge",
    "description": "You can charge into the air, sticking to the first ceiling/wall you hit and gaining the ability to crawl on it.",
    "type": "origins:multiple",
    "crawl": {
        "type": "origins:resource",
        "min": 0,
        "max": 3,
        "start_value": 0,
        "hud_render": {
            "should_render": false
        }
    },
    "cancelceiling": {
        "type": "origins:action_over_time",
        "interval": 1,
        "rising_action": {
            "type": "origins:and",
            "actions": [
                {
                    "type": "origins:change_resource",
                    "resource": "*:*_crawl",
                    "change": 0,
                    "operation": "set"
                }
            ]
        },
        "condition": {
            "type": "origins:and",
            "conditions": [
                {
                    "type": "origins:block_collision",
                    "offset_x": 0,
                    "offset_y": 0.3,
                    "offset_z": 0,
                    "inverted": true
                },
                {
                    "type": "origins:resource",
                    "resource": "*:*_crawl",
                    "compare_to": 3,
                    "comparison": "=="
                }
            ]
        }
    },
    "cancelwall": {
        "type": "origins:action_over_time",
        "interval": 1,
        "rising_action": {
            "type": "origins:and",
            "actions": [
                {
                    "type": "origins:change_resource",
                    "resource": "*:*_crawl",
                    "change": 0,
                    "operation": "set"
                }
            ]
        },
        "condition": {
            "type": "origins:and",
            "conditions": [
                {
                    "type": "origins:or",
                    "inverted": true,
                    "conditions": [
                        {
                            "type": "origins:block_collision",
                            "offset_x": 0.1,
                            "offset_y": 0,
                            "offset_z": 0
                        },
                        {
                            "type": "origins:block_collision",
                            "offset_x": -0.1,
                            "offset_y": 0,
                            "offset_z": 0
                        },
                        {
                            "type": "origins:block_collision",
                            "offset_x": 0,
                            "offset_y": 0,
                            "offset_z": 0.1
                        },
                        {
                            "type": "origins:block_collision",
                            "offset_x": 0,
                            "offset_y": 0,
                            "offset_z": -0.1
                        }
                    ]
                },
                {
                    "type": "origins:resource",
                    "resource": "*:*_crawl",
                    "compare_to": 2,
                    "comparison": "=="
                }
            ]
        }
    },
    "climbing": {
        "type": "origins:climbing",
        "condition": {
            "type": "origins:resource",
            "resource": "*:*_crawl",
            "compare_to": 2,
            "comparison": "=="
        }
    },
    "crawling": {
        "type": "origins:modify_velocity",
        "axes": [
            "y"
        ],
        "modifier": {
            "value": -2,
            "operation": "multiply_total"
        },
        "condition": {
            "type": "origins:resource",
            "resource": "*:*_crawl",
            "compare_to": 3,
            "comparison": "=="
        }
    },
    "active": {
        "type": "origins:active_self",
        "cooldown": 200,
        "hud_render": {
            "should_render": true,
            "bar_index": 1,
            "sprite_location": "origins:textures/gui/community/huang/resource_bar_01.png"
        },
        "entity_action": {
            "type": "origins:and",
            "actions": [
                {
                    "type": "origins:if_else",
                    "condition": {
                        "type": "origins:block_collision",
                        "offset_x": 0,
                        "offset_y": -0.1,
                        "offset_z": 0
                    },
                    "if_action": {
                        "type": "origins:add_velocity",
                        "z": 2.15,
                        "x": 0,
                        "y": 0,
                        "set": true,
                        "space": "local"
                    },
                    "else_action": {
                        "type": "origins:add_velocity",
                        "z": 1.1,
                        "x": 0,
                        "y": 0,
                        "set": true,
                        "space": "local"
                    }
                },
                {
                    "type": "origins:raycast",
                    "distance": 32,
                    "command_along_ray_only_on_hit": true,
                    "command_along_ray": "particle cloud",
                    "command_step": 0.25,
                    "hit_action": {
                        "type": "origins:execute_command",
                        "command": "playsound minecraft:entity.spider.hurt master @s ~ ~ ~ 1 0.51"
                    },
                    "miss_action": {
                        "type": "origins:execute_command",
                        "command": "playsound minecraft:entity.spider.hurt master @s ~ ~ ~ 1 1.5"
                    }
                },
                {
                    "type": "origins:change_resource",
                    "resource": "*:*_crawl",
                    "change": 1,
                    "operation": "set"
                }
            ]
        }
    },
    "hitwall": {
        "type": "origins:action_over_time",
        "interval": 1,
        "rising_action": {
            "type": "origins:and",
            "actions": [
                {
                    "type": "origins:change_resource",
                    "resource": "*:*_crawl",
                    "change": 2,
                    "operation": "set"
                }
            ]
        },
        "condition": {
            "type": "origins:and",
            "conditions": [
                {
                    "type": "origins:or",
                    "conditions": [
                        {
                            "type": "origins:block_collision",
                            "offset_x": 0.1,
                            "offset_y": 0,
                            "offset_z": 0
                        },
                        {
                            "type": "origins:block_collision",
                            "offset_x": -0.1,
                            "offset_y": 0,
                            "offset_z": 0
                        },
                        {
                            "type": "origins:block_collision",
                            "offset_x": 0,
                            "offset_y": 0,
                            "offset_z": 0.1
                        },
                        {
                            "type": "origins:block_collision",
                            "offset_x": 0,
                            "offset_y": 0,
                            "offset_z": -0.1
                        }
                    ]
                },
                {
                    "type": "origins:resource",
                    "resource": "*:*_crawl",
                    "compare_to": 1,
                    "comparison": "=="
                }
            ]
        }
    },
    "hitceiling": {
        "type": "origins:action_over_time",
        "interval": 1,
        "rising_action": {
            "type": "origins:and",
            "actions": [
                {
                    "type": "origins:change_resource",
                    "resource": "*:*_crawl",
                    "change": 3,
                    "operation": "set"
                }
            ]
        },
        "condition": {
            "type": "origins:and",
            "conditions": [
                {
                    "type": "origins:block_collision",
                    "offset_x": 0,
                    "offset_y": 0.1,
                    "offset_z": 0
                },
                {
                    "type": "origins:resource",
                    "resource": "*:*_crawl",
                    "compare_to": 1,
                    "comparison": "=="
                }
            ]
        }
    }
}