{
    "type":"origins:conditioned_attribute",
    "modifiers": [
        {
            "attribute": "minecraft:generic.attack_damage",
            "operation": "addition",
            "value": 4
        },
        {
            "attribute": "minecraft:generic.attack_speed",
            "operation": "addition",
            "value": -3
        }
    ],
    "tick_rate": 10,
    "condition": {
        "type":"origins:equipped_item",
        "equipment_slot": "mainhand",
        "item_condition": {
            "type":"origins:empty"
        }
    },
    "name": "Tooth and Claw",
    "description": "You have natural claws, letting you deal more damage while not holding anything."
}

