{
    "type":"origins:active_self",
    "key": {
        "key": "key.origins.secondary_active"
    },
    "entity_action": {
        "type":"origins:and",
        "actions": [
            {
                "type":"origins:play_sound",
                "sound": "entity.wolf.howl",
                "volume": 1
            },
            {
                "type":"origins:area_of_effect",
                "radius": 12,
                "bientity_action": {
                    "type":"origins:target_action",
                    "action": {
                        "type":"origins:apply_effect",
                        "effects":[
                            {
                                "effect": "minecraft:strength",
                                "amplifier": 1,
                                "duration": 300,
                                "show_particles": true
                            },
                            {
                                "effect": "minecraft:speed",
                                "amplifier": 1,
                                "duration": 300,
                                "show_particles": false
                            }
                        ]
                    }
                },
                "bientity_condition": {
                   "type":"origins:owner"
                }
            }
        ]     
    },
    "cooldown": 600,
    "hud_render": {
        "should_render": true,
        "sprite_location":"origins:textures/gui/resource_bar.png",
        "bar_index": 5
    },
    "name": "Pack Tactics",
    "description": "Use your secondary key to perform a howl, buffing nearby tamed animals."
}