{
    "type": "origins:multiple",
    "pounce": {
        "type":"origins:active_self",
        "entity_action": {
            "type":"origins:and",
            "actions":[
                {
                    "type":"origins:add_velocity",
                    "y": 0.5,
                    "z": 0.5,
                    "space":"local",
                    "client": true
                },
                {
                    "type":"origins:change_resource",
                    "resource": "dire:pounce_toggle",
                    "change": 1,
                    "operation": "add"
                }
            ]           
        },
        "key":{
            "key": "key.origins.primary_active"
        },
        "cooldown": 60,
        "hud_render": {
            "should_render": true,
            "sprite_location": "origins:textures/gui/resource_bar.png",
            "bar_index": 4
        }
    },
    "toggle":{
        "type":"origins:resource",
        "min": 0,
        "max": 1,
        "hud_render": {
            "should_render": false
        },
        "start_value": 0
    },
    "damage":{
        "type":"origins:action_on_land",
        "entity_action": {
            "type":"origins:and",
            "actions": [
                {
                    "type":"origins:area_of_effect",
                    "bientity_action": {
                        "type":"origins:damage",
                        "amount": 6,
                        "source": {
                            "name": "player"
                        }
                    },
                    "bientity_condition": {
                        "type":"origins:owner",
                        "inverted": true
                    },
                    "radius": 3
                },
                {
                    "type":"origins:change_resource",
                    "resource": "dire:pounce_toggle",
                    "change": -1,
                    "operation": "add"
                }
            ]
        },
        "condition": {
            "type": "origins:resource",
            "resource": "dire:pounce_toggle",
            "compare_to": 1,
            "comparison": "=="
        }
    },
    "name": "Pounce",
    "description": "Press your primary key to perform a short leap forward, damaging enemies when you land."
}