{
    "type":"origins:multiple",
    "hurt":{
        "type":"origins:action_when_damage_taken",
        "entity_action": {
            "type":"origins:play_sound",
            "sound": "entity.wolf.hurt",
            "volume": 0.3
        },
        "condition": {
            "type":"origins:health",
            "compare_to": 0,
            "comparison": ">"
        },
        "cooldown": 0
    },
    "death":{
        "type":"origins:action_when_damage_taken",
        "entity_action": {
            "type":"origins:play_sound",
            "sound":"entity.wolf.death",
            "volume":0.5
        },
        "condition": {
            "type":"origins:health",
            "compare_to": 0,
            "comparison": "<="
        },
        "cooldown": 0
    },
    "hidden": true
}