{
    "powers": [
        "salticidae:web_charge",
        "salticidae:nv",
        "salticidae:cocoon",
        "salticidae:crawl",
        "salticidae:carnivore",
        "salticidae:rottenbenefits",
        "salticidae:nofall",
        "salticidae:noballs"
    ],
    "icon": {
        "item": "minecraft:string"
    },
    "order": 1,
    "impact": 1,
    "name": "Salticidae",
    "description": "Salticidae, or jumping spiders, are known for their extremely powerful leaps, though their other abilities are lacking."
}